altitude_m,distancia_proximo_m,id,id_original,inclinacao_percentual,lat,latitude,lon,longitude,origem,tipo
824.0,578.122,1,1,0.865,-22.5126560661358,-22.5126560661358,-43.1723776459694,-43.1723776459694,,no
829.0,947.623,2,2,-0.422,-22.5113031749893,-22.5113031749893,-43.1778118014336,-43.1778118014336,,no
825.0,415.457,3,3,-0.963,-22.5037555287238,-22.5037555287238,-43.1820954236844,-43.1820954236844,,no
821.0,219.111,4,4,-1.369,-22.5048709644746,-22.5048709644746,-43.1782355904579,-43.1782355904579,,no
818.0,976.479,5,5,0.307,-22.5061838721343,-22.5061838721343,-43.1798261404038,-43.1798261404038,,no
821.0,1644.866,6,6,2.553,-22.5038818181922,-22.5038818181922,-43.1889992952347,-43.1889992952347,,no
863.0,1963.304,7,7,-2.241,-22.5185258766827,-22.5185258766827,-43.1912630796432,-43.1912630796432,,no
819.0,3873.028,8,8,0.775,-22.5063697165505,-22.5063697165505,-43.1774014234543,-43.1774014234543,,no
849.0,1363.772,9,9,2.786,-22.5117194107215,-22.5117194107215,-43.2146573066711,-43.2146573066711,,no
887.0,3707.032,10,10,-1.052,-22.5175397461782,-22.5175397461782,-43.226343691349,-43.226343691349,,no
848.0,5511.924,11,11,2.232,-22.5321798397445,-22.5321798397445,-43.193918466568,-43.193918466568,,no
971.0,3200.01,12,12,-4.75,-22.4868835591907,-22.4868835591907,-43.215714097023,-43.215714097023,,no
819.0,1994.624,13,13,3.76,-22.5039585751932,-22.5039585751932,-43.1906408071518,-43.1906408071518,,no
894.0,2486.744,14,14,-2.895,-22.5211447871041,-22.5211447871041,-43.1962037086487,-43.1962037086487,,no
822.0,4719.151,15,15,1.017,-22.5096777053537,-22.5096777053537,-43.1754192709923,-43.1754192709923,,no
870.0,2224.419,16,16,1.888,-22.5309460585919,-22.5309460585919,-43.21517765522,-43.21517765522,,no
912.0,3243.349,17,17,-2.59,-22.5161274354673,-22.5161274354673,-43.2006293535233,-43.2006293535233,,no
828.0,1102.222,18,18,-0.272,-22.5161992911694,-22.5161992911694,-43.1690543889999,-43.1690543889999,,no
825.0,5529.977,19,19,1.067,-22.5074376976202,-22.5074376976202,-43.1740728020668,-43.1740728020668,,no
884.0,4367.867,20,20,-1.442,-22.5340329682346,-22.5340329682346,-43.2195657491684,-43.2195657491684,,no
821.0,610.677,21,21,-0.164,-22.5074872357063,-22.5074872357063,-43.1882214546204,-43.1882214546204,,no
820.0,372.011,22,22,-0.806,-22.5045707321091,-22.5045707321091,-43.1831842660904,-43.1831842660904,,no
817.0,1084.12,23,23,1.937,-22.5060748432939,-22.5060748432939,-43.1799495220184,-43.1799495220184,,no
838.0,1435.806,24,24,-1.045,-22.5107035371053,-22.5107035371053,-43.189238011837,-43.189238011837,,no
823.0,45.713,25,25,2.188,-22.5098586336694,-22.5098586336694,-43.1752905250617,-43.1752905250617,,no
824.0,993.022,26,26,-0.705,-22.5100444288633,-22.5100444288633,-43.1756874919959,-43.1756874919959,,no
817.0,906.836,27,27,3.639,-22.5072493767313,-22.5072493767313,-43.1848686933518,-43.1848686933518,,no
850.0,1450.805,28,28,-1.654,-22.5153841097702,-22.5153841097702,-43.1854963302612,-43.1854963302612,,no
826.0,1919.212,29,29,0.104,-22.5088723970247,-22.5088723970247,-43.1732574105263,-43.1732574105263,,no
828.0,1827.186,30,30,0.438,-22.5045162111456,-22.5045162111456,-43.1913354512419,-43.1913354512419,,no
836.0,3040.185,31,31,1.151,-22.5207283107585,-22.5207283107585,-43.1884333491325,-43.1884333491325,,no
871.0,4744.06,32,32,-0.59,-22.5292093319078,-22.5292093319078,-43.2165724039078,-43.2165724039078,,no
843.0,2926.261,33,33,-0.752,-22.5233127217564,-22.5233127217564,-43.1708273291588,-43.1708273291588,,no
821.0,1361.543,34,34,3.379,-22.5072621556448,-22.5072621556448,-43.1934032849892,-43.1934032849892,,no
867.0,2201.055,35,35,-1.954,-22.5194946563313,-22.5194946563313,-43.1939935684204,-43.1939935684204,,no
824.0,824.541,36,36,-0.485,-22.5100097388237,-22.5100097388237,-43.175185918808,-43.175185918808,,no
820.0,1348.715,37,37,0.445,-22.5087485472549,-22.5087485472549,-43.1830957531929,-43.1830957531929,,no
826.0,1840.918,38,38,-0.054,-22.5073856616108,-22.5073856616108,-43.1700494885445,-43.1700494885445,,no
825.0,2724.767,39,39,0.844,-22.5077201784727,-22.5077201784727,-43.187966644764,-43.187966644764,,no
848.0,2118.677,40,40,-1.322,-22.5278442147209,-22.5278442147209,-43.1728309392929,-43.1728309392929,,no
820.0,2571.752,41,41,2.061,-22.5088377067139,-22.5088377067139,-43.17428201437,-43.17428201437,,no
873.0,2049.377,42,42,-0.146,-22.5229831978814,-22.5229831978814,-43.1940901279449,-43.1940901279449,,no
870.0,3993.874,43,43,-1.152,-22.5303663262924,-22.5303663262924,-43.2123720645905,-43.2123720645905,,no
824.0,591.063,44,44,0.0,-22.5117194507215,-22.5117194507215,-43.1791394948959,-43.1791394948959,,no
824.0,153.417,45,45,2.607,-22.5092515110073,-22.5092515110073,-43.1740432977676,-43.1740432977676,,no
828.0,3376.754,46,46,0.207,-22.5086149073649,-22.5086149073649,-43.1727182865143,-43.1727182865143,,no
835.0,2812.681,47,47,-0.213,-22.5294100104293,-22.5294100104293,-43.1966757774353,-43.1966757774353,,no
829.0,3277.049,48,48,0.519,-22.5112288842316,-22.5112288842316,-43.1776374578476,-43.1776374578476,,no
846.0,3034.163,49,49,-0.758,-22.5323755590349,-22.5323755590349,-43.199859559536,-43.199859559536,,no
823.0,707.082,50,50,-0.283,-22.5099031908607,-22.5099031908607,-43.1831037998199,-43.1831037998199,,no
821.0,306.103,51,51,1.96,-22.507638407755,-22.507638407755,-43.1766718626022,-43.1766718626022,,no
827.0,453.893,52,52,0.22,-22.5102104452288,-22.5102104452288,-43.1756097078323,-43.1756097078323,,no
828.0,905.485,53,53,-0.994,-22.5121059513504,-22.5121059513504,-43.1795230507851,-43.1795230507851,,no
819.0,1252.482,54,54,3.433,-22.5047444889284,-22.5047444889284,-43.183291654451,-43.183291654451,,no
862.0,2726.377,55,55,0.66,-22.5153494210933,-22.5153494210933,-43.1874006986618,-43.1874006986618,,no
880.0,2076.573,56,56,-2.408,-22.525440361086,-22.525440361086,-43.2115915417671,-43.2115915417671,,no
830.0,19.568,57,57,-30.662,-22.5108798991239,-22.5108798991239,-43.1989323181988,-43.1989323181988,,no
824.0,2505.515,58,58,0.798,-22.5109096332374,-22.5109096332374,-43.1991200728298,-43.1991200728298,,no
844.0,3335.445,59,59,-0.42,-22.5334210421917,-22.5334210421917,-43.2001787424088,-43.2001787424088,,no
830.0,946.389,60,60,-0.951,-22.5045880778009,-22.5045880778009,-43.191222846508,-43.191222846508,,no
821.0,671.83,61,61,0.0,-22.5089640785186,-22.5089640785186,-43.1833210587502,-43.1833210587502,,no
821.0,685.684,62,62,0.292,-22.5077548690659,-22.5077548690659,-43.1769132614136,-43.1769132614136,,no
823.0,89.895,63,63,1.112,-22.5098263771619,-22.5098263771619,-43.1832003593445,-43.1832003593445,,no
824.0,676.123,64,64,-0.148,-22.5101261981313,-22.5101261981313,-43.182387650013,-43.182387650013,,no
823.0,80.271,65,65,-1.246,-22.5097817766308,-22.5097817766308,-43.1758162375069,-43.1758162375069,,no
822.0,1403.772,66,66,0.427,-22.5097470855572,-22.5097470855572,-43.1750357151031,-43.1750357151031,,no
828.0,1707.797,67,67,0.878,-22.5080209040003,-22.5080209040003,-43.1885728240013,-43.1885728240013,,no
843.0,1295.218,68,68,0.463,-22.522631374531,-22.522631374531,-43.1834471225739,-43.1834471225739,,no
849.0,2250.953,69,69,-0.8,-22.5278459451845,-22.5278459451845,-43.1721711158752,-43.1721711158752,,no
831.0,804.406,70,70,-0.746,-22.5106500001721,-22.5106500001721,-43.1837341189384,-43.1837341189384,,no
825.0,2160.623,71,71,1.944,-22.5101658438306,-22.5101658438306,-43.1759208440781,-43.1759208440781,,no
867.0,1822.253,72,72,-2.689,-22.5197052597041,-22.5197052597041,-43.1942456960678,-43.1942456960678,,no
818.0,858.695,73,73,-0.116,-22.5040627501717,-22.5040627501717,-43.1889563798904,-43.1889563798904,,no
817.0,338.352,74,74,0.887,-22.5089194767184,-22.5089194767184,-43.1824573874474,-43.1824573874474,,no
820.0,4642.248,75,75,1.594,-22.5070858346986,-22.5070858346986,-43.185085952282,-43.185085952282,,no
894.0,5166.394,76,76,-1.471,-22.5209217976107,-22.5209217976107,-43.2277250289917,-43.2277250289917,,no
818.0,1052.619,77,77,3.42,-22.5059112998721,-22.5059112998721,-43.1801265478134,-43.1801265478134,,no
854.0,1380.574,78,78,-0.217,-22.5144822013433,-22.5144822013433,-43.1757760047913,-43.1757760047913,,no
851.0,590.437,79,79,-3.895,-22.5033466163685,-22.5033466163685,-43.1698322296143,-43.1698322296143,,no
828.0,1944.879,80,80,0.874,-22.5086324245494,-22.5086324245494,-43.1692850589752,-43.1692850589752,,no
845.0,2724.742,81,81,4.147,-22.5259687050438,-22.5259687050438,-43.1717956066132,-43.1717956066132,,no
958.0,3276.233,82,82,-3.998,-22.5223514204587,-22.5223514204587,-43.1980327590815,-43.1980327590815,,no
827.0,1056.737,83,83,-0.757,-22.508852573091,-22.508852573091,-43.1696820259094,-43.1696820259094,,no
819.0,610.273,84,84,1.475,-22.5063598048546,-22.5063598048546,-43.1796088814735,-43.1796088814735,,no
828.0,3474.452,85,85,0.461,-22.5118458198922,-22.5118458198922,-43.1797808145614,-43.1797808145614,,no
844.0,3529.011,86,86,-0.51,-22.5328338879334,-22.5328338879334,-43.2048404216766,-43.2048404216766,,no
826.0,1383.09,87,87,3.254,-22.511897854223,-22.511897854223,-43.1790187545903,-43.1790187545903,,no
871.0,1536.436,88,88,-2.734,-22.5166328963379,-22.5166328963379,-43.1914696097374,-43.1914696097374,,no
829.0,267.129,89,89,-1.872,-22.5113150048608,-22.5113150048608,-43.1776642799377,-43.1776642799377,,no
824.0,836.277,90,90,-0.598,-22.509501776867,-22.509501776867,-43.1759583950043,-43.1759583950043,,no
819.0,660.967,91,91,0.605,-22.5050489768133,-22.5050489768133,-43.1825190782547,-43.1825190782547,,no
823.0,1636.915,92,92,0.367,-22.5072518288269,-22.5072518288269,-43.1884952086939,-43.1884952086939,,no
829.0,1734.403,93,93,2.306,-22.5087600024232,-22.5087600024232,-43.172644091988,-43.172644091988,,no
869.0,2095.121,94,94,-1.909,-22.5134811752098,-22.5134811752098,-43.1887364387512,-43.1887364387512,,no
829.0,941.639,95,95,2.336,-22.5085948742943,-22.5085948742943,-43.1690382957459,-43.1690382957459,,no
851.0,393.156,96,96,-6.868,-22.5146603046049,-22.5146603046049,-43.1754353642464,-43.1754353642464,,no
824.0,546.757,97,97,2.378,-22.5124231252048,-22.5124231252048,-43.1724715232849,-43.1724715232849,,no
837.0,975.774,98,98,-1.64,-22.5126932336901,-22.5126932336901,-43.1777862038803,-43.1777862038803,,no
821.0,1011.889,99,99,0.099,-22.5072741353103,-22.5072741353103,-43.1852576136589,-43.1852576136589,,no
822.0,321.689,100,100,2.176,-22.5093679719435,-22.5093679719435,-43.1756713986397,-43.1756713986397,,no
829.0,1659.036,101,101,-0.362,-22.5112288390003,-22.5112288390003,-43.178069203499,-43.178069203499,,no
823.0,1467.184,102,102,1.363,-22.5069222924725,-22.5069222924725,-43.1935322264896,-43.1935322264896,,no
843.0,845.472,103,103,-2.957,-22.5165808637895,-22.5165808637895,-43.1838011741638,-43.1838011741638,,no
818.0,1353.743,104,104,0.591,-22.5091201847062,-22.5091201847062,-43.182213306427,-43.182213306427,,no
826.0,449.76,105,105,-0.445,-22.5094918653956,-22.5094918653956,-43.1953856348991,-43.1953856348991,,no
824.0,2405.003,106,106,0.499,-22.507514512646,-22.507514512646,-43.191566169351,-43.191566169351,,no
836.0,3120.905,107,107,-0.288,-22.5287212007062,-22.5287212007062,-43.1961688399315,-43.1961688399315,,no
827.0,88.127,108,,3.404,-22.5123042168947,-22.5123042168947,-43.1715247035027,-43.1715247035027,1-80,geometria
830.0,89.545,109,,-3.35,-22.5118036968481,-22.5118036968481,-43.170859515667,-43.170859515667,1-80,geometria
827.0,100.008,110,,1.0,-22.5109984008906,-22.5109984008906,-43.1708568334579,-43.1708568334579,1-80,geometria
828.0,91.933,111,,0.0,-22.5105647780475,-22.5105647780475,-43.1700038909912,-43.1700038909912,1-80,geometria
828.0,88.822,112,,3.378,-22.5098313328857,-22.5098313328857,-43.1695908308029,-43.1695908308029,1-80,geometria
831.0,1375.426,113,,-0.436,-22.5090879723327,-22.5090879723327,-43.1692743301392,-43.1692743301392,1-80,geometria
825.0,107.193,114,,0.933,-22.5045385186758,-22.5045385186758,-43.1817251443863,-43.1817251443863,3-77,geometria
826.0,222.116,115,,-0.9,-22.505202609476,-22.505202609476,-43.1809687614441,-43.1809687614441,3-77,geometria
824.0,62.135,116,,-6.438,-22.5037802618479,-22.5037802618479,-43.1824868917465,-43.1824868917465,3-22,geometria
820.0,54.05,117,,-1.85,-22.5043353260774,-22.5043353260774,-43.1825566291809,-43.1825566291809,3-22,geometria
819.0,349.313,118,,0.859,-22.5047119755358,-22.5047119755358,-43.1828892230988,-43.1828892230988,3-22,geometria
822.0,327.911,119,,1.22,-22.5052371857166,-22.5052371857166,-43.1795366872048,-43.1795366872048,4-77,geometria
826.0,288.883,120,,3.115,-22.5043749734371,-22.5043749734371,-43.1764841079712,-43.1764841079712,4-79,geometria
835.0,323.565,121,,1.545,-22.503626627605,-22.503626627605,-43.1737911701202,-43.1737911701202,4-79,geometria
840.0,1928.957,122,,-1.037,-22.5027841142066,-22.5027841142066,-43.1707763671875,-43.1707763671875,4-79,geometria
820.0,71.624,123,,0.0,-22.5039809772952,-22.5039809772952,-43.1895089149475,-43.1895089149475,6-13,geometria
820.0,1504.77,124,,2.99,-22.5040776179622,-22.5040776179622,-43.1901982426643,-43.1901982426643,6-13,geometria
865.0,210.038,125,,-2.857,-22.5175620456895,-22.5175620456895,-43.1914347410202,-43.1914347410202,7-88,geometria
859.0,192.934,126,,1.037,-22.5189792961361,-22.5189792961361,-43.1927865743637,-43.1927865743637,7-35,geometria
861.0,143.417,127,,-1.395,-22.5189297421944,-22.5189297421944,-43.1909090260357,-43.1909090260357,7-31,geometria
859.0,62.837,128,,-1.591,-22.5201586753124,-22.5201586753124,-43.1904852370114,-43.1904852370114,7-31,geometria
858.0,90.488,129,,-11.051,-22.52072358445,-22.52072358445,-43.1904691437573,-43.1904691437573,7-31,geometria
848.0,83.014,130,,-8.432,-22.5208226910781,-22.5208226910781,-43.1895947436184,-43.1895947436184,7-31,geometria
841.0,2875.517,131,,0.313,-22.5206591651036,-22.5206591651036,-43.1888061741681,-43.1888061741681,7-31,geometria
850.0,78.178,132,,-2.558,-22.5126362440446,-22.5126362440446,-43.2154190540314,-43.2154190540314,9-10,geometria
848.0,166.067,133,,-0.602,-22.5128939362083,-22.5128939362083,-43.2161271572113,-43.2161271572113,9-10,geometria
847.0,358.724,134,,-0.558,-22.5124875752701,-22.5124875752701,-43.2176828384399,-43.2176828384399,9-10,geometria
845.0,340.241,135,,2.939,-22.513300295952,-22.513300295952,-43.2210624217987,-43.2210624217987,9-10,geometria
855.0,207.494,136,,7.711,-22.5148365232128,-22.5148365232128,-43.2239270210266,-43.2239270210266,9-10,geometria
871.0,1248.905,137,,-2.082,-22.516501576059,-22.516501576059,-43.2248389720917,-43.2248389720917,9-10,geometria
845.0,76.499,138,,1.307,-22.5113403425164,-22.5113403425164,-43.2140403985977,-43.2140403985977,9-57,geometria
846.0,140.054,139,,-7.854,-22.511119815043,-22.511119815043,-43.2133349776268,-43.2133349776268,9-57,geometria
835.0,196.689,140,,2.034,-22.5109761003204,-22.5109761003204,-43.2119804620743,-43.2119804620743,9-57,geometria
839.0,88.674,141,,2.255,-22.5111346820747,-22.5111346820747,-43.2100734114647,-43.2100734114647,9-57,geometria
841.0,63.412,142,,-7.885,-22.5112982193183,-22.5112982193183,-43.209228515625,-43.209228515625,9-57,geometria
836.0,87.706,143,,-5.701,-22.5110033565724,-22.5110033565724,-43.2087001204491,-43.2087001204491,9-57,geometria
831.0,55.16,144,,0.0,-22.5109314991693,-22.5109314991693,-43.2078498601913,-43.2078498601913,9-57,geometria
831.0,87.654,145,,4.563,-22.5109091985883,-22.5109091985883,-43.2073134183884,-43.2073134183884,9-57,geometria
835.0,74.993,146,,8.001,-22.5104656640638,-22.5104656640638,-43.2066079974175,-43.2066079974175,9-57,geometria
841.0,138.545,147,,-7.94,-22.5104408855568,-22.5104408855568,-43.2058784365654,-43.2058784365654,9-57,geometria
830.0,60.026,148,,8.33,-22.5108497303548,-22.5108497303548,-43.2046043872833,-43.2046043872833,9-57,geometria
835.0,72.338,149,,-5.53,-22.5104780533157,-22.5104780533157,-43.204180598259,-43.204180598259,9-57,geometria
831.0,64.947,150,,0.0,-22.5107778728718,-22.5107778728718,-43.2035556435585,-43.2035556435585,9-57,geometria
831.0,177.158,151,,1.129,-22.5113254755068,-22.5113254755068,-43.2033357024193,-43.2033357024193,9-57,geometria
833.0,69.964,152,,-2.859,-22.5117566181366,-22.5117566181366,-43.2016754150391,-43.2016754150391,9-57,geometria
831.0,57.172,153,,-3.498,-22.5113229976717,-22.5113229976717,-43.2011818885803,-43.2011818885803,9-57,geometria
829.0,93.215,154,,0.0,-22.5112164507207,-22.5112164507207,-43.2006374001503,-43.2006374001503,9-57,geometria
829.0,69.327,155,,-5.77,-22.5114493672047,-22.5114493672047,-43.1997656822205,-43.1997656822205,9-57,geometria
825.0,2439.395,156,,0.984,-22.5113304311768,-22.5113304311768,-43.1991031765938,-43.1991031765938,9-57,geometria
849.0,129.905,163,,3.079,-22.5328660947718,-22.5328660947718,-43.1945756077766,-43.1945756077766,11-59,geometria
853.0,100.944,164,,-5.944,-22.533765405764,-22.533765405764,-43.1953829526901,-43.1953829526901,11-59,geometria
847.0,85.528,165,,-2.338,-22.5343005301868,-22.5343005301868,-43.1961768865585,-43.1961768865585,11-59,geometria
845.0,93.526,166,,2.138,-22.5347093043904,-22.5347093043904,-43.1968823075295,-43.1968823075295,11-59,geometria
847.0,47.734,167,,-2.095,-22.5345334077602,-22.5345334077602,-43.1977728009224,-43.1977728009224,11-59,geometria
846.0,60.397,168,,1.656,-22.5342361171716,-22.5342361171716,-43.1981080770493,-43.1981080770493,11-59,geometria
847.0,504.482,169,,1.189,-22.5340800393564,-22.5340800393564,-43.1986713409424,-43.1986713409424,11-59,geometria
853.0,81.638,170,,12.249,-22.5316521395161,-22.5316521395161,-43.1945219635963,-43.1945219635963,11-47,geometria
863.0,128.975,171,,-6.203,-22.5311442571105,-22.5311442571105,-43.1950959563255,-43.1950959563255,11-47,geometria
855.0,388.272,172,,7.469,-22.53018299164,-22.53018299164,-43.1957986950874,-43.1957986950874,11-47,geometria
884.0,181.272,173,,-13.791,-22.5300987567181,-22.5300987567181,-43.1920194625855,-43.1920194625855,11-68,geometria
859.0,164.132,174,,-1.828,-22.5291672141563,-22.5291672141563,-43.1905710697174,-43.1905710697174,11-68,geometria
856.0,116.427,175,,-0.859,-22.5279482713154,-22.5279482713154,-43.1896698474884,-43.1896698474884,11-68,geometria
855.0,241.046,176,,0.83,-22.5274800160229,-22.5274800160229,-43.1886559724808,-43.1886559724808,11-68,geometria
857.0,134.17,177,,-4.472,-22.5259092432902,-22.5259092432902,-43.1870386004448,-43.1870386004448,11-68,geometria
851.0,97.479,178,,-1.026,-22.5250173139146,-22.5250173139146,-43.1861588358879,-43.1861588358879,11-68,geometria
850.0,117.722,179,,-2.548,-22.5242715574332,-22.5242715574332,-43.1856599450111,-43.1856599450111,11-68,geometria
847.0,127.699,180,,-3.132,-22.5236174687006,-22.5236174687006,-43.1847587227821,-43.1847587227821,11-68,geometria
843.0,5234.208,181,,2.312,-22.5230500937692,-22.5230500937692,-43.1836777925491,-43.1836777925491,11-68,geometria
964.0,73.986,182,,12.165,-22.4854073701762,-22.4854073701762,-43.214271068573,-43.214271068573,12-13,geometria
973.0,136.125,183,,4.408,-22.4847431843561,-22.4847431843561,-43.2142281532288,-43.2142281532288,12-13,geometria
979.0,130.636,184,,-21.434,-22.484098821933,-22.484098821933,-43.2131016254425,-43.2131016254425,12-13,geometria
951.0,83.492,185,,9.582,-22.484713444618,-22.484713444618,-43.2120180130005,-43.2120180130005,12-13,geometria
959.0,128.55,186,,-3.89,-22.4841583016669,-22.4841583016669,-43.2114708423615,-43.2114708423615,12-13,geometria
954.0,112.05,187,,12.494,-22.4852289325078,-22.4852289325078,-43.2109987735748,-43.2109987735748,12-13,geometria
968.0,211.608,188,,7.089,-22.4862004236974,-22.4862004236974,-43.2107090950012,-43.2107090950012,12-13,geometria
983.0,154.984,189,,9.678,-22.486775384659,-22.486775384659,-43.2087457180023,-43.2087457180023,12-13,geometria
998.0,119.256,190,,-2.516,-22.4866465143063,-22.4866465143063,-43.207243680954,-43.207243680954,12-13,geometria
995.0,97.257,191,,-5.141,-22.4874098215691,-22.4874098215691,-43.2080590724945,-43.2080590724945,12-13,geometria
990.0,162.019,192,,-16.665,-22.4881235596169,-22.4881235596169,-43.2075119018555,-43.2075119018555,12-13,geometria
963.0,124.416,193,,9.645,-22.4882920805633,-22.4882920805633,-43.2059454917908,-43.2059454917908,12-13,geometria
975.0,59.747,194,,-35.148,-22.4877369519646,-22.4877369519646,-43.2048940658569,-43.2048940658569,12-13,geometria
954.0,95.294,195,,24.136,-22.4880640815868,-22.4880640815868,-43.2044327259064,-43.2044327259064,12-13,geometria
977.0,105.571,196,,-36.942,-22.4876378216233,-22.4876378216233,-43.2036280632019,-43.2036280632019,12-13,geometria
938.0,142.586,197,,-4.208,-22.4883614714816,-22.4883614714816,-43.2042932510376,-43.2042932510376,12-13,geometria
932.0,133.27,198,,2.251,-22.4887877292164,-22.4887877292164,-43.2056021690369,-43.2056021690369,12-13,geometria
935.0,133.046,199,,-20.294,-22.4892139856384,-22.4892139856384,-43.2068145275116,-43.2068145275116,12-13,geometria
908.0,97.099,200,,-17.508,-22.4896600665346,-22.4896600665346,-43.2056128978729,-43.2056128978729,12-13,geometria
891.0,135.236,201,,-9.613,-22.4902151874197,-22.4902151874197,-43.2048833370209,-43.2048833370209,12-13,geometria
878.0,134.257,202,,-5.959,-22.4914245502095,-22.4914245502095,-43.2047438621521,-43.2047438621521,12-13,geometria
870.0,159.311,203,,-6.277,-22.4920193149177,-22.4920193149177,-43.2036066055298,-43.2036066055298,12-13,geometria
860.0,82.815,204,,4.83,-22.4927032911718,-22.4927032911718,-43.2022440433502,-43.2022440433502,12-13,geometria
864.0,77.823,205,,2.57,-22.4930403217058,-22.4930403217058,-43.2015252113342,-43.2015252113342,12-13,geometria
866.0,158.874,206,,-3.147,-22.4937143803111,-22.4937143803111,-43.2013213634491,-43.2013213634491,12-13,geometria
861.0,103.983,207,,-10.579,-22.4949633625768,-22.4949633625768,-43.2005703449249,-43.2005703449249,12-13,geometria
850.0,102.217,208,,-4.892,-22.4957563613381,-22.4957563613381,-43.2000339031219,-43.2000339031219,12-13,geometria
845.0,100.644,209,,0.0,-22.4966707823924,-22.4966707823924,-43.2001358270645,-43.2001358270645,12-13,geometria
845.0,113.415,210,,-0.882,-22.497530679604,-22.497530679604,-43.1998300552368,-43.1998300552368,12-13,geometria
844.0,149.711,211,,3.34,-22.4983831372701,-22.4983831372701,-43.1992238759995,-43.1992238759995,12-13,geometria
849.0,99.753,212,,4.01,-22.4997212869645,-22.4997212869645,-43.1990629434586,-43.1990629434586,12-13,geometria
853.0,133.283,213,,-6.002,-22.5002515871508,-22.5002515871508,-43.1982797384262,-43.1982797384262,12-13,geometria
845.0,108.154,214,,-9.246,-22.5004646978679,-22.5004646978679,-43.1970030069351,-43.1970030069351,12-13,geometria
835.0,190.985,215,,1.571,-22.5005142584528,-22.5005142584528,-43.1959515810013,-43.1959515810013,12-13,geometria
838.0,73.89,216,,4.06,-22.501644234969,-22.501644234969,-43.1945514678955,-43.1945514678955,12-13,geometria
841.0,199.684,217,,-1.502,-22.5017284872342,-22.5017284872342,-43.1938380002976,-43.1938380002976,12-13,geometria
838.0,106.324,218,,-7.524,-22.5027642903001,-22.5027642903001,-43.1922501325607,-43.1922501325607,12-13,geometria
830.0,2122.335,219,,3.063,-22.5032598871094,-22.5032598871094,-43.1913650035858,-43.1913650035858,12-13,geometria
895.0,147.549,258,,-4.744,-22.5220193979771,-22.5220193979771,-43.195173740387,-43.195173740387,14-42,geometria
888.0,86.255,259,,-11.594,-22.5209168422845,-22.5209168422845,-43.1959730386734,-43.1959730386734,14-72,geometria
878.0,88.327,260,,-10.189,-22.5206641204145,-22.5206641204145,-43.195179104805,-43.195179104805,14-72,geometria
869.0,255.018,261,,12.156,-22.52007938961,-22.52007938961,-43.1945970654488,-43.1945970654488,14-72,geometria
900.0,45.737,262,,28.424,-22.5215114801554,-22.5215114801554,-43.1965363025665,-43.1965363025665,14-82,geometria
913.0,38.491,263,,20.784,-22.5218633063574,-22.5218633063574,-43.1967669725418,-43.1967669725418,14-82,geometria
921.0,30.35,264,,-6.59,-22.5217840216577,-22.5217840216577,-43.1971317529678,-43.1971317529678,14-82,geometria
919.0,30.31,265,,26.394,-22.5215213907649,-22.5215213907649,-43.1972122192383,-43.1972122192383,14-82,geometria
927.0,55.785,266,,10.756,-22.5213975080951,-22.5213975080951,-43.1974750757217,-43.1974750757217,14-82,geometria
933.0,47.636,267,,25.191,-22.5209168422845,-22.5209168422845,-43.1976306438446,-43.1976306438446,14-82,geometria
945.0,77.582,268,,-6.445,-22.5212884912537,-22.5212884912537,-43.1978613138199,-43.1978613138199,14-82,geometria
940.0,2070.402,269,,-3.429,-22.5219425910117,-22.5219425910117,-43.1975984573364,-43.1975984573364,14-82,geometria
869.0,36.916,270,,-2.709,-22.5306586702348,-22.5306586702348,-43.2154110074043,-43.2154110074043,16-32,geometria
868.0,161.217,271,,0.62,-22.5303266863882,-22.5303266863882,-43.2154083251953,-43.2154083251953,16-32,geometria
869.0,302.79,272,,0.661,-22.5295983011228,-22.5295983011228,-43.2167655229568,-43.2167655229568,16-32,geometria
871.0,460.715,273,,-0.651,-22.532308667663,-22.532308667663,-43.2170498371124,-43.2170498371124,16-20,geometria
868.0,31.675,274,,-3.157,-22.5297519064984,-22.5297519064984,-43.2135200500488,-43.2135200500488,16-43,geometria
867.0,52.028,275,,-1.922,-22.5296874913617,-22.5296874913617,-43.2132196426392,-43.2132196426392,16-43,geometria
866.0,2093.755,276,,2.579,-22.5298807366816,-22.5298807366816,-43.2127583026886,-43.2127583026886,16-43,geometria
920.0,105.316,277,,-13.293,-22.515237921716,-22.515237921716,-43.1999427080154,-43.1999427080154,17-105,geometria
906.0,83.911,278,,-4.767,-22.515000056077,-22.515000056077,-43.1989502906799,-43.1989502906799,17-105,geometria
902.0,186.548,279,,-8.041,-22.5147275011959,-22.5147275011959,-43.1981885433197,-43.1981885433197,17-105,geometria
887.0,102.467,280,,-22.446,-22.5131764059128,-22.5131764059128,-43.1988805532456,-43.1988805532456,17-105,geometria
864.0,55.175,281,,28.998,-22.5128939362083,-22.5128939362083,-43.1979310512543,-43.1979310512543,17-105,geometria
880.0,85.721,282,,-18.665,-22.5133845411152,-22.5133845411152,-43.1978505849838,-43.1978505849838,17-105,geometria
864.0,82.736,283,,15.713,-22.5134935641914,-22.5134935641914,-43.1970244646072,-43.1970244646072,17-105,geometria
877.0,98.969,284,,-29.302,-22.5139891225449,-22.5139891225449,-43.1964236497879,-43.1964236497879,17-105,geometria
848.0,60.225,285,,9.963,-22.5133597631313,-22.5133597631313,-43.1957423686981,-43.1957423686981,17-105,geometria
854.0,49.144,286,,-12.209,-22.5136521430578,-22.5136521430578,-43.1952488422394,-43.1952488422394,17-105,geometria
848.0,35.46,287,,5.64,-22.5135183421513,-22.5135183421513,-43.1947928667068,-43.1947928667068,17-105,geometria
850.0,2.929,288,,0.0,-22.5137462991737,-22.5137462991737,-43.1945514678955,-43.1945514678955,17-105,geometria
850.0,36.153,289,,-11.064,-22.5137289546308,-22.5137289546308,-43.1945300102234,-43.1945300102234,17-105,geometria
846.0,65.704,290,,-6.088,-22.51341427469,-22.51341427469,-43.1946185231209,-43.1946185231209,17-105,geometria
842.0,52.955,291,,-7.554,-22.5129806594246,-22.5129806594246,-43.1950530409813,-43.1950530409813,17-105,geometria
838.0,106.101,292,,1.885,-22.5126188993625,-22.5126188993625,-43.1953883171082,-43.1953883171082,17-105,geometria
840.0,63.861,293,,0.0,-22.5116674163235,-22.5116674163235,-43.1954661011696,-43.1954661011696,17-105,geometria
840.0,38.641,294,,5.176,-22.5110950366532,-22.5110950366532,-43.1955170631409,-43.1955170631409,17-105,geometria
842.0,55.605,295,,-14.387,-22.5108224740725,-22.5108224740725,-43.1957504153252,-43.1957504153252,17-105,geometria
834.0,59.863,296,,-11.693,-22.5103392936316,-22.5103392936316,-43.1956109404564,-43.1956109404564,17-105,geometria
827.0,938.081,297,,9.061,-22.5098263771619,-22.5098263771619,-43.1954339146614,-43.1954339146614,17-105,geometria
912.0,54.751,298,,5.479,-22.5170764110742,-22.5170764110742,-43.2001036405563,-43.2001036405563,17-88,geometria
915.0,91.458,299,,12.027,-22.5173142731398,-22.5173142731398,-43.1996369361877,-43.1996369361877,17-88,geometria
926.0,117.161,300,,5.121,-22.5172250749132,-22.5172250749132,-43.1987518072128,-43.1987518072128,17-88,geometria
932.0,114.482,301,,4.368,-22.516828637654,-22.516828637654,-43.197695016861,-43.197695016861,17-88,geometria
937.0,88.551,302,,-10.164,-22.5162438906209,-22.5162438906209,-43.1967777013779,-43.1967777013779,17-88,geometria
928.0,42.472,303,,-11.772,-22.5155649863011,-22.5155649863011,-43.1963270902634,-43.1963270902634,17-88,geometria
923.0,58.929,304,,13.576,-22.5154163206766,-22.5154163206766,-43.1959462165833,-43.1959462165833,17-88,geometria
931.0,87.786,305,,-18.226,-22.5158821390992,-22.5158821390992,-43.1956726312637,-43.1956726312637,17-88,geometria
915.0,72.109,306,,-12.481,-22.5158325840224,-22.5158325840224,-43.194819688797,-43.194819688797,17-88,geometria
906.0,36.024,307,,-2.776,-22.5159069166309,-22.5159069166309,-43.1941223144531,-43.1941223144531,17-88,geometria
905.0,53.119,308,,-9.413,-22.5158722280852,-22.5158722280852,-43.1937736272812,-43.1937736272812,17-88,geometria
900.0,44.237,309,,-9.042,-22.5161596472004,-22.5161596472004,-43.1933605670929,-43.1933605670929,17-88,geometria
896.0,37.47,310,,-21.351,-22.516546175413,-22.516546175413,-43.1934624910355,-43.1934624910355,17-88,geometria
888.0,75.069,311,,-11.989,-22.5168435040717,-22.5168435040717,-43.1932908296585,-43.1932908296585,17-88,geometria
879.0,85.919,312,,-5.819,-22.5168038602875,-22.5168038602875,-43.1925612688065,-43.1925612688065,17-88,geometria
874.0,2312.192,313,,-2.033,-22.516546175413,-22.516546175413,-43.1917726993561,-43.1917726993561,17-88,geometria
827.0,84.946,314,,4.709,-22.515961427185,-22.515961427185,-43.1692716479302,-43.1692716479302,18-1,geometria
831.0,56.435,316,,0.0,-22.5151982774713,-22.5151982774713,-43.1692340970039,-43.1692340970039,18-1,geometria
831.0,92.372,317,,0.0,-22.5150149226915,-22.5150149226915,-43.1697463989258,-43.1697463989258,18-1,geometria
831.0,40.045,318,,2.497,-22.5153543766191,-22.5153543766191,-43.1705671548843,-43.1705671548843,18-1,geometria
832.0,98.05,319,,-2.04,-22.5152775659494,-22.5152775659494,-43.1709480285645,-43.1709480285645,18-1,geometria
830.0,57.805,320,,-5.19,-22.5145168902378,-22.5145168902378,-43.1714308261871,-43.1714308261871,18-1,geometria
827.0,99.153,321,,-1.009,-22.5142022120907,-22.5142022120907,-43.1718787550926,-43.1718787550926,18-1,geometria
826.0,506.521,322,,1.382,-22.5138701887021,-22.5138701887021,-43.1727746129036,-43.1727746129036,18-1,geometria
833.0,97.869,323,,-1.022,-22.5165759083077,-22.5165759083077,-43.1688076257706,-43.1688076257706,18-33,geometria
832.0,150.736,324,,8.624,-22.5174356817447,-22.5174356817447,-43.1690114736557,-43.1690114736557,18-33,geometria
845.0,126.81,325,,-3.943,-22.5187810801646,-22.5187810801646,-43.1688317656517,-43.1688317656517,18-33,geometria
840.0,108.754,326,,-2.759,-22.5199199269189,-22.5199199269189,-43.1687666670675,-43.1687666670675,18-33,geometria
837.0,99.775,327,,1.002,-22.5208350793771,-22.5208350793771,-43.1691402196884,-43.1691402196884,18-33,geometria
838.0,58.616,328,,5.118,-22.5216626168731,-22.5216626168731,-43.1695157289505,-43.1695157289505,18-33,geometria
841.0,1890.44,329,,0.423,-22.5221878776226,-22.5221878776226,-43.1695640087128,-43.1695640087128,18-33,geometria
849.0,5797.49,330,,0.724,-22.5053265066604,-22.5053265066604,-43.1719189882278,-43.1719189882278,19-79,geometria
891.0,133.575,332,,-2.246,-22.5331113619868,-22.5331113619868,-43.219678401947,-43.219678401947,20-76,geometria
888.0,118.681,333,,5.056,-22.5320262370691,-22.5320262370691,-43.2191205024719,-43.2191205024719,20-76,geometria
894.0,143.854,334,,15.293,-22.5310352479605,-22.5310352479605,-43.2186913490295,-43.2186913490295,20-76,geometria
916.0,116.902,335,,5.133,-22.5308717340741,-22.5308717340741,-43.2200807332993,-43.2200807332993,20-76,geometria
922.0,143.631,336,,2.785,-22.530113621708,-22.530113621708,-43.2208693027496,-43.2208693027496,20-76,geometria
926.0,243.814,337,,16.406,-22.5291176638441,-22.5291176638441,-43.2217597961426,-43.2217597961426,20-76,geometria
966.0,295.689,338,,-6.764,-22.5283050361871,-22.5283050361871,-43.2239645719528,-43.2239645719528,20-76,geometria
946.0,173.448,339,,-7.495,-22.5273140203794,-22.5273140203794,-43.2266360521317,-43.2266360521317,20-76,geometria
933.0,158.204,340,,-9.481,-22.5262437153214,-22.5262437153214,-43.2278645038605,-43.2278645038605,20-76,geometria
918.0,193.438,341,,0.0,-22.5248513153119,-22.5248513153119,-43.2281810045242,-43.2281810045242,20-76,geometria
918.0,130.0,342,,-6.923,-22.5232111392922,-22.5232111392922,-43.2275533676147,-43.2275533676147,20-76,geometria
909.0,4287.475,343,,-1.959,-22.5220664731928,-22.5220664731928,-43.2272958755493,-43.2272958755493,20-76,geometria
825.0,1032.003,344,,-0.194,-22.5077796480523,-22.5077796480523,-43.1885272264481,-43.1885272264481,21-67,geometria
823.0,1160.358,345,,1.12,-22.5062606878566,-22.5062606878566,-43.178616464138,-43.178616464138,23-8,geometria
836.0,51.672,346,,-5.806,-22.5105399995582,-22.5105399995582,-43.1889188289642,-43.1889188289642,24-67,geometria
833.0,80.905,347,,0.0,-22.5100791188485,-22.5100791188485,-43.1888544559479,-43.1888544559479,24-67,geometria
833.0,66.862,348,,-1.496,-22.5094150514684,-22.5094150514684,-43.1885325908661,-43.1885325908661,24-67,geometria
832.0,35.924,349,,-2.784,-22.5088154057952,-22.5088154057952,-43.1885808706284,-43.1885808706284,24-67,geometria
831.0,26.272,350,,-3.806,-22.5085725733364,-22.5085725733364,-43.1888115406036,-43.1888115406036,24-67,geometria
830.0,290.468,351,,4.82,-22.5083396520059,-22.5083396520059,-43.1887686252594,-43.1887686252594,24-67,geometria
844.0,42.259,352,,11.832,-22.5108621195722,-22.5108621195722,-43.1895035505295,-43.1895035505295,24-94,geometria
849.0,39.736,353,,5.033,-22.5112214063947,-22.5112214063947,-43.1896376609802,-43.1896376609802,24-94,geometria
851.0,38.424,354,,10.41,-22.5115583918071,-22.5115583918071,-43.1895089149475,-43.1895089149475,24-94,geometria
855.0,33.177,355,,12.056,-22.5118854650984,-22.5118854650984,-43.1893882155418,-43.1893882155418,24-94,geometria
859.0,46.055,356,,-4.343,-22.5120836909589,-22.5120836909589,-43.1896296143532,-43.1896296143532,24-94,geometria
857.0,49.872,357,,0.0,-22.5119226324689,-22.5119226324689,-43.1900426745415,-43.1900426745415,24-94,geometria
857.0,11.327,358,,17.658,-22.5119275881175,-22.5119275881175,-43.1905281543732,-43.1905281543732,24-94,geometria
859.0,32.057,359,,0.0,-22.5120291788756,-22.5120291788756,-43.1905201077461,-43.1905201077461,24-94,geometria
859.0,45.227,360,,13.267,-22.5120514792759,-22.5120514792759,-43.1902089715004,-43.1902089715004,24-94,geometria
865.0,42.169,361,,18.971,-22.512366162319,-22.512366162319,-43.1899300217629,-43.1899300217629,24-94,geometria
873.0,68.027,362,,1.47,-22.5127328786623,-22.5127328786623,-43.1898254156113,-43.1898254156113,24-94,geometria
874.0,860.371,363,,-6.625,-22.5131516278917,-22.5131516278917,-43.1893426179886,-43.1893426179886,24-94,geometria
817.0,120.31,364,,0.831,-22.5068429992024,-22.5068429992024,-43.1844931840897,-43.1844931840897,27-91,geometria
818.0,113.335,365,,4.412,-22.5059682922987,-22.5059682922987,-43.1838038563728,-43.1838038563728,27-91,geometria
823.0,43.512,366,,-2.298,-22.5058047487509,-22.5058047487509,-43.1827148795128,-43.1827148795128,27-91,geometria
822.0,1147.774,367,,2.962,-22.5054504037338,-22.5054504037338,-43.1825351715088,-43.1825351715088,27-91,geometria
856.0,127.131,368,,-7.079,-22.5151123127459,-22.5151123127459,-43.186467233481,-43.186467233481,28-55,geometria
847.0,71.575,369,,-2.794,-22.5160134599665,-22.5160134599665,-43.1857055425644,-43.1857055425644,28-103,geometria
845.0,54.321,370,,0.0,-22.5162538016082,-22.5162538016082,-43.1850591301918,-43.1850591301918,28-103,geometria
845.0,1412.8,371,,-1.345,-22.5162736235806,-22.5162736235806,-43.1845307350159,-43.1845307350159,28-103,geometria
826.0,100.144,372,,-5.991,-22.5059162557362,-22.5059162557362,-43.1924968957901,-43.1924968957901,30-102,geometria
820.0,41.389,373,,7.248,-22.5068083083824,-22.5068083083824,-43.1926310062409,-43.1926310062409,30-102,geometria
823.0,1508.282,374,,1.127,-22.5069222924725,-22.5069222924725,-43.19301456213,-43.19301456213,30-102,geometria
840.0,83.783,375,,2.387,-22.5195342993437,-22.5195342993437,-43.187609910965,-43.187609910965,31-103,geometria
842.0,184.092,376,,3.259,-22.5190982255825,-22.5190982255825,-43.1869447231293,-43.1869447231293,31-103,geometria
848.0,87.947,377,,2.274,-22.5177503525301,-22.5177503525301,-43.1859040260315,-43.1859040260315,31-103,geometria
850.0,85.297,378,,-14.068,-22.517148265283,-22.517148265283,-43.1853488087654,-43.1853488087654,31-103,geometria
838.0,62.915,379,,4.768,-22.5166403295575,-22.5166403295575,-43.184726536274,-43.184726536274,31-103,geometria
841.0,603.94,380,,-0.662,-22.5167369613759,-22.5167369613759,-43.1841230392456,-43.1841230392456,31-103,geometria
837.0,60.771,381,,0.0,-22.5210506360286,-22.5210506360286,-43.1876957416534,-43.1876957416534,31-68,geometria
837.0,85.262,382,,8.21,-22.5210109934512,-22.5210109934512,-43.1871056556702,-43.1871056556702,31-68,geometria
844.0,115.475,383,,2.598,-22.5213578656172,-22.5213578656172,-43.1863653659821,-43.1863653659821,31-68,geometria
847.0,86.281,384,,2.318,-22.5215957203135,-22.5215957203135,-43.185271024704,-43.185271024704,31-68,geometria
849.0,95.411,385,,3.144,-22.5219624121681,-22.5219624121681,-43.1845307350159,-43.1845307350159,31-68,geometria
852.0,540.812,386,,-2.404,-22.5220615179077,-22.5220615179077,-43.1836080551147,-43.1836080551147,31-68,geometria
839.0,92.295,392,,6.501,-22.5210035604667,-22.5210035604667,-43.1887471675873,-43.1887471675873,31-107,geometria
845.0,139.361,393,,-1.435,-22.5216229744713,-22.5216229744713,-43.1893453001976,-43.1893453001976,31-107,geometria
843.0,71.122,394,,-2.812,-22.5226016429392,-22.5226016429392,-43.1901928782463,-43.1901928782463,31-107,geometria
841.0,57.187,395,,0.0,-22.5230030188886,-22.5230030188886,-43.1907320022583,-43.1907320022583,31-107,geometria
841.0,78.919,396,,-1.267,-22.5234688117386,-22.5234688117386,-43.1909680366516,-43.1909680366516,31-107,geometria
840.0,183.036,397,,-0.546,-22.5239321254092,-22.5239321254092,-43.1915500760078,-43.1915500760078,31-107,geometria
839.0,159.577,398,,4.387,-22.5251932226639,-22.5251932226639,-43.1926953792572,-43.1926953792572,31-107,geometria
846.0,112.996,399,,2.655,-22.5262932666646,-22.5262932666646,-43.1936931610107,-43.1936931610107,31-107,geometria
849.0,69.786,400,,-1.433,-22.527021669358,-22.527021669358,-43.194460272789,-43.194460272789,31-107,geometria
848.0,114.638,401,,-11.34,-22.5275716851734,-22.5275716851734,-43.1947875022888,-43.1947875022888,31-107,geometria
835.0,2115.537,402,,2.174,-22.5280027771193,-22.5280027771193,-43.1958013772964,-43.1958013772964,31-107,geometria
881.0,92.607,406,,-4.319,-22.5285527890282,-22.5285527890282,-43.2163900136948,-43.2163900136948,32-56,geometria
877.0,56.641,407,,-5.296,-22.5277451131295,-22.5277451131295,-43.2161700725555,-43.2161700725555,32-56,geometria
874.0,125.692,408,,2.387,-22.5274378977442,-22.5274378977442,-43.2157301902771,-43.2157301902771,32-56,geometria
877.0,227.745,409,,4.83,-22.5269126569544,-22.5269126569544,-43.2146465778351,-43.2146465778351,32-56,geometria
888.0,2887.495,410,,-2.251,-22.5260405546286,-22.5260405546286,-43.212640285492,-43.212640285492,32-56,geometria
823.0,104.651,418,,-2.867,-22.5070635334974,-22.5070635334974,-43.1934517621994,-43.1934517621994,34-102,geometria
820.0,1915.62,419,,0.522,-22.5072865453481,-22.5072865453481,-43.1924620270729,-43.1924620270729,34-106,geometria
830.0,1042.018,421,,-1.056,-22.5094001842518,-22.5094001842518,-43.1739547848702,-43.1739547848702,36-93,geometria
819.0,1395.875,422,,0.501,-22.5079927471692,-22.5079927471692,-43.1839835643768,-43.1839835643768,37-27,geometria
826.0,127.587,423,,3.135,-22.5074847778024,-22.5074847778024,-43.1704062223435,-43.1704062223435,38-46,geometria
830.0,285.339,424,,-1.752,-22.5080274376921,-22.5080274376921,-43.1715005636215,-43.1715005636215,38-46,geometria
825.0,101.031,425,,2.969,-22.5067934408855,-22.5067934408855,-43.169065117836,-43.169065117836,38-79,geometria
828.0,189.601,426,,2.637,-22.5063325476873,-22.5063325476873,-43.1682175397873,-43.1682175397873,38-79,geometria
833.0,127.47,427,,10.983,-22.5047119755358,-22.5047119755358,-43.1676435470581,-43.1676435470581,38-79,geometria
847.0,1980.674,428,,-1.01,-22.5040726620322,-22.5040726620322,-43.1686735153198,-43.1686735153198,38-79,geometria
827.0,128.415,429,,-3.115,-22.5081463765614,-22.5081463765614,-43.187443614006,-43.187443614006,39-99,geometria
823.0,2603.227,430,,0.884,-22.5081661996964,-22.5081661996964,-43.1861937046051,-43.1861937046051,39-99,geometria
846.0,302.444,431,,3.968,-22.5278665125692,-22.5278665125692,-43.1725010275841,-43.1725010275841,40-69,geometria
858.0,242.454,432,,5.362,-22.5277599783727,-22.5277599783727,-43.1754434108734,-43.1754434108734,40-68,geometria
871.0,291.752,433,,-2.399,-22.5277302478846,-22.5277302478846,-43.1778037548065,-43.1778037548065,40-68,geometria
864.0,173.071,434,,-6.356,-22.5265410231138,-22.5265410231138,-43.1803357601166,-43.1803357601166,40-68,geometria
853.0,139.27,436,,-5.744,-22.5263056544976,-22.5263056544976,-43.1820014119148,-43.1820014119148,40-68,geometria
845.0,100.828,437,,-2.975,-22.5251709243842,-22.5251709243842,-43.182575404644,-43.182575404644,40-68,geometria
842.0,1841.223,438,,-1.249,-22.5242913782555,-22.5242913782555,-43.1828141212463,-43.1828141212463,40-68,geometria
819.0,166.131,439,,3.612,-22.5092862022043,-22.5092862022043,-43.1752341985703,-43.1752341985703,41-100,geometria
825.0,2703.637,440,,2.33,-22.5078391176063,-22.5078391176063,-43.174831867218,-43.174831867218,41-19,geometria
888.0,66.477,442,,-4.513,-22.5236818866678,-22.5236818866678,-43.1947982311249,-43.1947982311249,42-107,geometria
885.0,37.332,443,,5.357,-22.524276512639,-22.524276512639,-43.1948652863503,-43.1948652863503,42-107,geometria
887.0,124.168,444,,1.611,-22.5245763022624,-22.5245763022624,-43.1950289011002,-43.1950289011002,42-107,geometria
889.0,194.074,445,,-8.76,-22.525188267491,-22.525188267491,-43.1960400938988,-43.1960400938988,42-107,geometria
872.0,69.778,446,,-4.299,-22.5263031769311,-22.5263031769311,-43.1974938511848,-43.1974938511848,42-107,geometria
869.0,37.743,447,,-21.196,-22.5267317952769,-22.5267317952769,-43.1979900598526,-43.1979900598526,42-107,geometria
861.0,125.651,448,,-16.713,-22.5270712204222,-22.5270712204222,-43.1979927420616,-43.1979927420616,42-107,geometria
840.0,1553.342,449,,1.867,-22.5278640350307,-22.5278640350307,-43.1971210241318,-43.1971210241318,42-107,geometria
869.0,59.297,453,,5.059,-22.5298068810473,-22.5298068810473,-43.2120977196134,-43.2120977196134,43-56,geometria
872.0,69.777,454,,5.733,-22.5292940368305,-22.5292940368305,-43.2119394692815,-43.2119394692815,43-56,geometria
876.0,100.116,455,,8.99,-22.5286672246464,-22.5286672246464,-43.2119716557897,-43.2119716557897,43-56,geometria
885.0,113.805,456,,0.879,-22.5277674109938,-22.5277674109938,-43.21193754673,-43.21193754673,43-56,geometria
886.0,27.112,457,,7.377,-22.526778868887,-22.526778868887,-43.2116505503655,-43.2116505503655,43-56,geometria
888.0,49.313,458,,-10.139,-22.5265583660486,-22.5265583660486,-43.2115378975868,-43.2115378975868,43-56,geometria
883.0,82.197,459,,2.433,-22.526114881746,-22.526114881746,-43.2115378975868,-43.2115378975868,43-56,geometria
885.0,38.963,460,,2.567,-22.5254062949336,-22.5254062949336,-43.2113099098206,-43.2113099098206,43-56,geometria
886.0,25.468,461,,-11.779,-22.5251560588623,-22.5251560588623,-43.2110443711281,-43.2110443711281,43-56,geometria
883.0,26.819,462,,0.0,-22.5250941191707,-22.5250941191707,-43.2112830877304,-43.2112830877304,43-56,geometria
883.0,618.052,463,,-2.427,-22.5252948036707,-22.5252948036707,-43.2114279270172,-43.2114279270172,43-56,geometria
868.0,120.501,464,,-6.639,-22.5308147519168,-22.5308147519168,-43.2121333479881,-43.2121333479881,43-86,geometria
860.0,73.44,465,,-5.447,-22.5317239861446,-22.5317239861446,-43.2114949822426,-43.2114949822426,43-86,geometria
856.0,169.34,466,,0.591,-22.5321872721276,-22.5321872721276,-43.2109853625298,-43.2109853625298,43-86,geometria
857.0,102.605,467,,-5.848,-22.5331658657532,-22.5331658657532,-43.2097220420837,-43.2097220420837,43-86,geometria
851.0,123.188,468,,-1.624,-22.5337059473668,-22.5337059473668,-43.2089120149612,-43.2089120149612,43-86,geometria
849.0,104.46,469,,0.0,-22.5338570707429,-22.5338570707429,-43.2077237963677,-43.2077237963677,43-86,geometria
849.0,47.065,470,,2.125,-22.5341667492755,-22.5341667492755,-43.2067635655403,-43.2067635655403,43-86,geometria
850.0,99.623,471,,-3.011,-22.5340057165252,-22.5340057165252,-43.206339776516,-43.206339776516,43-86,geometria
847.0,77.793,472,,-2.571,-22.5333987452401,-22.5333987452401,-43.205626308918,-43.205626308918,43-86,geometria
845.0,3518.391,473,,-0.512,-22.5329255535306,-22.5329255535306,-43.2050684094429,-43.2050684094429,43-86,geometria
827.0,2584.83,474,,0.348,-22.5118953763982,-22.5118953763982,-43.1794747710228,-43.1794747710228,44-85,geometria
836.0,118.83,475,,-1.683,-22.5291052762632,-22.5291052762632,-43.1963914632797,-43.1963914632797,47-107,geometria
834.0,107.495,479,,10.233,-22.5298658716666,-22.5298658716666,-43.1972041726112,-43.1972041726112,47-49,geometria
845.0,100.638,480,,9.937,-22.5304431285745,-22.5304431285745,-43.1980437040329,-43.1980437040329,47-49,geometria
855.0,115.175,481,,-0.868,-22.5310302929971,-22.5310302929971,-43.198789358139,-43.198789358139,47-49,geometria
854.0,51.782,482,,-11.587,-22.5318354722184,-22.5318354722184,-43.19949477911,-43.19949477911,47-49,geometria
848.0,64.822,483,,-7.713,-22.5321897495886,-22.5321897495886,-43.1998220086098,-43.1998220086098,47-49,geometria
843.0,16.813,484,,0.0,-22.5327719516846,-22.5327719516846,-43.199854195118,-43.199854195118,49-59,geometria
843.0,30.343,485,,-6.591,-22.5329230760828,-22.5329230760828,-43.199859559536,-43.199859559536,49-59,geometria
841.0,3030.057,486,,-0.363,-22.5331609108663,-22.5331609108663,-43.2000043988228,-43.2000043988228,49-59,geometria
830.0,90.021,492,,-7.776,-22.5104780533157,-22.5104780533157,-43.183656334877,-43.183656334877,50-70,geometria
823.0,29.466,493,,3.394,-22.5100692074186,-22.5100692074186,-43.1828999519348,-43.1828999519348,50-64,geometria
824.0,676.936,494,,-0.739,-22.5101955780977,-22.5101955780977,-43.1826478242874,-43.1826478242874,50-64,geometria
819.0,614.074,495,,1.303,-22.5069594611773,-22.5069594611773,-43.1770661473274,-43.1770661473274,51-8,geometria
827.0,815.62,496,,-1.103,-22.5119597998294,-22.5119597998294,-43.1796035170555,-43.1796035170555,53-85,geometria
818.0,163.563,497,,0.0,-22.5058815646838,-22.5058815646838,-43.1840479373932,-43.1840479373932,54-75,geometria
818.0,1180.182,498,,3.644,-22.5050093296468,-22.5050093296468,-43.1827658414841,-43.1827658414841,54-91,geometria
861.0,182.651,499,,1.642,-22.5144053901888,-22.5144053901888,-43.1881088018417,-43.1881088018417,55-94,geometria
864.0,125.389,501,,6.38,-22.515857361563,-22.515857361563,-43.1889402866364,-43.1889402866364,55-88,geometria
872.0,80.721,502,,7.433,-22.5160258487212,-22.5160258487212,-43.1901472806931,-43.1901472806931,55-88,geometria
878.0,2413.889,503,,0.207,-22.5162042466648,-22.5162042466648,-43.1909090280533,-43.1909090280533,55-88,geometria
883.0,54.745,509,,-5.48,-22.525715272041,-22.525715272041,-43.2120342683139,-43.2120342683139,56-43,geometria
880.0,67.762,510,,5.903,-22.5260324015432,-22.5260324015432,-43.2116265725437,-43.2116265725437,56-43,geometria
884.0,25.99,511,,7.695,-22.526631972519,-22.526631972519,-43.2117445897403,-43.2117445897403,56-43,geometria
886.0,109.893,512,,-1.82,-22.5268499976832,-22.5268499976832,-43.2116533946338,-43.2116533946338,56-43,geometria
884.0,110.927,513,,-9.916,-22.527801376191,-22.527801376191,-43.2119430732074,-43.2119430732074,56-43,geometria
873.0,86.038,514,,-4.649,-22.5287906313375,-22.5287906313375,-43.2120823860169,-43.2120823860169,56-43,geometria
869.0,78.72,515,,-3.811,-22.5295636160143,-22.5295636160143,-43.2121199369431,-43.2121199369431,56-43,geometria
866.0,546.152,516,,3.662,-22.5297469514889,-22.5297469514889,-43.2128602266312,-43.2128602266312,56-43,geometria
886.0,74.809,517,,5.347,-22.5251387157515,-22.5251387157515,-43.2110202312469,-43.2110202312469,56-82,geometria
890.0,96.518,518,,1.036,-22.5246679733397,-22.5246679733397,-43.2104998826981,-43.2104998826981,56-82,geometria
891.0,88.548,519,,4.517,-22.5240089312686,-22.5240089312686,-43.2098883390427,-43.2098883390427,56-82,geometria
895.0,132.905,520,,10.534,-22.523736394155,-22.523736394155,-43.2090783119202,-43.2090783119202,56-82,geometria
909.0,268.26,521,,2.237,-22.5229138243339,-22.5229138243339,-43.208139538765,-43.208139538765,56-82,geometria
915.0,110.988,522,,7.208,-22.5214966142398,-22.5214966142398,-43.2060259580612,-43.2060259580612,56-82,geometria
923.0,95.043,523,,12.626,-22.5213132678161,-22.5213132678161,-43.2049638032913,-43.2049638032913,56-82,geometria
935.0,110.449,524,,8.149,-22.5213776868576,-22.5213776868576,-43.2040411233902,-43.2040411233902,56-82,geometria
944.0,287.961,525,,4.515,-22.5217939322477,-22.5217939322477,-43.2030647993088,-43.2030647993088,56-82,geometria
957.0,127.924,526,,13.289,-22.5215907650115,-22.5215907650115,-43.2002699375153,-43.2002699375153,56-82,geometria
974.0,1283.179,527,,-10.91,-22.5220813390471,-22.5220813390471,-43.199143409729,-43.199143409729,56-82,geometria
834.0,85.125,528,,-1.175,-22.5105449552565,-22.5105449552565,-43.1988349556923,-43.1988349556923,57-105,geometria
833.0,44.826,529,,6.693,-22.5099552259226,-22.5099552259226,-43.1983065605164,-43.1983065605164,57-105,geometria
836.0,130.591,530,,-3.063,-22.5097991206779,-22.5097991206779,-43.1979042291641,-43.1979042291641,57-105,geometria
832.0,359.674,531,,-1.39,-22.5096132808711,-22.5096132808711,-43.1966489553452,-43.1966489553452,57-105,geometria
827.0,75.891,532,,1.318,-22.5112642970018,-22.5112642970018,-43.1996598961729,-43.1996598961729,58-9,geometria
828.0,43.109,533,,2.32,-22.5110536807672,-22.5110536807672,-43.2003626349348,-43.2003626349348,58-9,geometria
829.0,60.209,534,,6.644,-22.5110239466847,-22.5110239466847,-43.2007810595411,-43.2007810595411,58-9,geometria
833.0,57.179,535,,-3.498,-22.5111899618968,-22.5111899618968,-43.2013389590162,-43.2013389590162,58-9,geometria
831.0,34.529,536,,2.896,-22.5115319030488,-22.5115319030488,-43.2017547014135,-43.2017547014135,58-9,geometria
832.0,122.934,537,,0.0,-22.5115542035293,-22.5115542035293,-43.2020899775404,-43.2020899775404,58-9,geometria
832.0,67.034,538,,13.426,-22.5111148593654,-22.5111148593654,-43.2031881809235,-43.2031881809235,58-9,geometria
841.0,92.327,539,,-2.166,-22.5105325660106,-22.5105325660106,-43.2033571600914,-43.2033571600914,58-9,geometria
839.0,44.174,540,,-9.055,-22.5102054895186,-22.5102054895186,-43.204183280468,-43.204183280468,58-9,geometria
835.0,25.912,541,,-11.577,-22.5104309741528,-22.5104309741528,-43.204537332058,-43.204537332058,58-9,geometria
832.0,91.866,542,,7.62,-22.5105945122287,-22.5105945122287,-43.204717040062,-43.204717040062,58-9,geometria
839.0,52.393,543,,-1.909,-22.5103541607473,-22.5103541607473,-43.2055726647377,-43.2055726647377,58-9,geometria
838.0,84.168,544,,-5.94,-22.5102352237771,-22.5102352237771,-43.2060661911964,-43.2060661911964,58-9,geometria
833.0,61.363,545,,-3.259,-22.5103492050422,-22.5103492050422,-43.2068762183189,-43.2068762183189,58-9,geometria
831.0,143.746,546,,3.478,-22.5106564584191,-22.5106564584191,-43.2073724269867,-43.2073724269867,58-9,geometria
836.0,60.163,547,,6.649,-22.5108299076046,-22.5108299076046,-43.2087591290474,-43.2087591290474,58-9,geometria
840.0,97.262,548,,-5.141,-22.5110876031354,-22.5110876031354,-43.2092741131783,-43.2092741131783,58-9,geometria
835.0,205.824,549,,-1.943,-22.5109141542733,-22.5109141542733,-43.2102021574974,-43.2102021574974,58-9,geometria
831.0,180.261,550,,7.767,-22.5107778728718,-22.5107778728718,-43.2122004032135,-43.2122004032135,58-9,geometria
845.0,76.774,551,,13.025,-22.5110900809747,-22.5110900809747,-43.2139223814011,-43.2139223814011,58-9,geometria
855.0,2838.94,552,,-0.141,-22.5112957414827,-22.5112957414827,-43.214635848999,-43.214635848999,58-9,geometria
851.0,112.732,553,,-4.435,-22.5336118048522,-22.5336118048522,-43.2012087106705,-43.2012087106705,59-86,geometria
846.0,78.136,554,,0.0,-22.5340552650838,-22.5340552650838,-43.202195763588,-43.202195763588,59-86,geometria
846.0,95.764,555,,0.0,-22.5339041419246,-22.5339041419246,-43.2029387354851,-43.2029387354851,59-86,geometria
846.0,100.513,556,,-0.995,-22.5335795981878,-22.5335795981878,-43.2038024067879,-43.2038024067879,59-86,geometria
845.0,471.464,557,,0.212,-22.5329404182163,-22.5329404182163,-43.2044944167137,-43.2044944167137,59-86,geometria
846.0,71.337,565,,-1.402,-22.53347059096,-22.53347059096,-43.1999400258064,-43.1999400258064,59-49,geometria
845.0,27.659,566,,7.231,-22.5328933467061,-22.5328933467061,-43.1996369361877,-43.1996369361877,59-49,geometria
847.0,3284.829,567,,-0.822,-22.5326456016511,-22.5326456016511,-43.1996610760689,-43.1996610760689,59-49,geometria
820.0,53.151,568,,5.644,-22.5042585092856,-22.5042585092856,-43.1908097863197,-43.1908097863197,60-73,geometria
823.0,76.125,569,,-6.568,-22.5043254142357,-22.5043254142357,-43.1902974843979,-43.1902974843979,60-73,geometria
818.0,836.852,570,,0.717,-22.5041693026351,-22.5041693026351,-43.1895759701729,-43.1895759701729,60-73,geometria
824.0,30.409,571,,0.0,-22.5091722200628,-22.5091722200628,-43.1834900379181,-43.1834900379181,61-63,geometria
824.0,32.815,572,,-3.047,-22.5094447858969,-22.5094447858969,-43.183465898037,-43.183465898037,61-63,geometria
823.0,718.273,573,,0.139,-22.5097148733298,-22.5097148733298,-43.1833371520042,-43.1833371520042,61-63,geometria
824.0,778.05,574,,0.9,-22.5085750512208,-22.5085750512208,-43.176454603672,-43.176454603672,62-90,geometria
831.0,175.546,575,,-5.127,-22.5104284963016,-22.5104284963016,-43.1837582588196,-43.1837582588196,63-70,geometria
822.0,53.674,578,,-3.726,-22.5098511557791,-22.5098511557791,-43.1821677088738,-43.1821677088738,64-104,geometria
820.0,662.385,579,,1.208,-22.5093803612937,-22.5093803612937,-43.1820523738861,-43.1820523738861,64-104,geometria
828.0,1693.63,586,,0.886,-22.508057172419,-22.508057172419,-43.188339471817,-43.188339471817,67-39,geometria
843.0,32.897,609,,18.239,-22.5225545670287,-22.5225545670287,-43.183283506347,-43.183283506347,68-78,geometria
849.0,131.24,610,,16.763,-22.522289459962,-22.522289459962,-43.1831413492693,-43.1831413492693,68-78,geometria
871.0,53.155,611,,22.576,-22.5217419007654,-22.5217419007654,-43.182009457065,-43.182009457065,68-78,geometria
883.0,83.184,612,,19.234,-22.5216948254391,-22.5216948254391,-43.1814944729341,-43.1814944729341,68-78,geometria
899.0,96.018,613,,31.244,-22.521164607498,-22.521164607498,-43.1809231624139,-43.1809231624139,68-78,geometria
929.0,103.979,614,,18.273,-22.5206096108382,-22.5206096108382,-43.180207012607,-43.180207012607,68-78,geometria
948.0,183.22,615,,-3.821,-22.5198663091255,-22.5198663091255,-43.1795927882195,-43.1795927882195,68-78,geometria
941.0,76.78,616,,-7.815,-22.5186051632518,-22.5186051632518,-43.1784448027611,-43.1784448027611,68-78,geometria
935.0,71.216,617,,-18.254,-22.5179807802887,-22.5179807802887,-43.1781256198883,-43.1781256198883,68-78,geometria
922.0,49.962,618,,-6.005,-22.5176933649607,-22.5176933649607,-43.1775060296059,-43.1775060296059,68-78,geometria
919.0,103.786,619,,-14.453,-22.5173018845007,-22.5173018845007,-43.1772673130035,-43.1772673130035,68-78,geometria
904.0,111.655,620,,-23.286,-22.5163702556554,-22.5163702556554,-43.1772056221962,-43.1772056221962,68-78,geometria
878.0,54.558,621,,-9.165,-22.5155129533507,-22.5155129533507,-43.1766396760941,-43.1766396760941,68-78,geometria
873.0,27.408,622,,-21.891,-22.5150223559981,-22.5150223559981,-43.176631629467,-43.176631629467,68-78,geometria
867.0,37.834,623,,-18.502,-22.5148092677166,-22.5148092677166,-43.1764975190163,-43.1764975190163,68-78,geometria
860.0,1426.672,624,,-0.771,-22.5146630790545,-22.5146630790545,-43.1761649250984,-43.1761649250984,68-78,geometria
849.0,2005.197,625,,0.798,-22.5269275222873,-22.5269275222873,-43.1720852851868,-43.1720852851868,69-81,geometria
865.0,844.32,626,,-4.619,-22.5131417166819,-22.5131417166819,-43.1846702098846,-43.1846702098846,70-28,geometria
826.0,2022.86,627,,1.879,-22.5106589362662,-22.5106589362662,-43.1769025325775,-43.1769025325775,71-101,geometria
864.0,18.118,630,,0.0,-22.5206641204145,-22.5206641204145,-43.1933498382568,-43.1933498382568,72-42,geometria
864.0,59.085,631,,8.462,-22.5208078250639,-22.5208078250639,-43.1934329867363,-43.1934329867363,72-42,geometria
869.0,67.803,632,,1.475,-22.5213355667185,-22.5213355667185,-43.1933659315109,-43.1933659315109,72-42,geometria
870.0,90.037,633,,4.443,-22.5218608287113,-22.5218608287113,-43.1930306553841,-43.1930306553841,72-42,geometria
874.0,2111.959,634,,-2.604,-22.5224728059675,-22.5224728059675,-43.1936046481133,-43.1936046481133,72-42,geometria
819.0,98.463,635,,3.047,-22.5039661094943,-22.5039661094943,-43.1889805197716,-43.1889805197716,73-6,geometria
822.0,107.372,636,,3.725,-22.5038892924974,-22.5038892924974,-43.1880256533623,-43.1880256533623,73-54,geometria
826.0,107.698,637,,-3.714,-22.5036984888044,-22.5036984888044,-43.1870010495186,-43.1870010495186,73-54,geometria
822.0,65.557,638,,4.576,-22.5032673210481,-22.5032673210481,-43.1860622763634,-43.1860622763634,73-54,geometria
825.0,84.497,639,,4.734,-22.5030988183412,-22.5030988183412,-43.185450732708,-43.185450732708,73-54,geometria
829.0,62.731,640,,0.0,-22.5037455702596,-22.5037455702596,-43.1850188970566,-43.1850188970566,73-54,geometria
829.0,76.281,641,,-9.177,-22.5041123094672,-22.5041123094672,-43.184554874897,-43.184554874897,73-54,geometria
822.0,494.048,642,,-0.81,-22.5044542681225,-22.5044542681225,-43.1839111447334,-43.1839111447334,73-54,geometria
818.0,4821.559,643,,1.493,-22.5087633703042,-22.5087633703042,-43.1827390193939,-43.1827390193939,74-37,geometria
890.0,165.987,644,,-13.254,-22.5199654163685,-22.5199654163685,-43.2280844449997,-43.2280844449997,76-12,geometria
868.0,100.6,645,,0.994,-22.518473844847,-22.518473844847,-43.2281488180161,-43.2281488180161,76-12,geometria
869.0,159.217,646,,0.0,-22.5178098177949,-22.5178098177949,-43.2288140058517,-43.2288140058517,76-12,geometria
869.0,61.131,647,,14.722,-22.5171457875523,-22.5171457875523,-43.2301872968674,-43.2301872968674,76-12,geometria
878.0,180.189,648,,5.55,-22.5166898843446,-22.5166898843446,-43.2305198907852,-43.2305198907852,76-12,geometria
888.0,131.091,649,,9.154,-22.5150694335974,-22.5150694335974,-43.2305306196213,-43.2305306196213,76-12,geometria
900.0,143.257,650,,-5.584,-22.5140485894279,-22.5140485894279,-43.2311689853668,-43.2311689853668,76-12,geometria
892.0,174.381,651,,9.175,-22.5128196019796,-22.5128196019796,-43.2315874099731,-43.2315874099731,76-12,geometria
908.0,128.87,652,,20.951,-22.5112536182711,-22.5112536182711,-43.2314962148666,-43.2314962148666,76-12,geometria
935.0,151.954,653,,7.897,-22.5103814171218,-22.5103814171218,-43.2323223352432,-43.2323223352432,76-12,geometria
947.0,116.356,654,,0.0,-22.5095984136757,-22.5095984136757,-43.233534693718,-43.233534693718,76-12,geometria
947.0,239.026,655,,-5.02,-22.5085527502597,-22.5085527502597,-43.2335776090622,-43.2335776090622,76-12,geometria
935.0,236.205,656,,-8.044,-22.5065902516003,-22.5065902516003,-43.2326281070709,-43.2326281070709,76-12,geometria
916.0,271.001,657,,-7.011,-22.5045930337124,-22.5045930337124,-43.2318449020386,-43.2318449020386,76-12,geometria
897.0,235.63,658,,-9.761,-22.502377723556,-22.502377723556,-43.2307451963425,-43.2307451963425,76-12,geometria
874.0,336.689,659,,8.91,-22.5004696539272,-22.5004696539272,-43.2297474145889,-43.2297474145889,76-12,geometria
904.0,194.782,660,,8.214,-22.497743794513,-22.497743794513,-43.228320479393,-43.228320479393,76-12,geometria
920.0,368.06,661,,2.717,-22.496579092749,-22.496579092749,-43.2269042730331,-43.2269042730331,76-12,geometria
930.0,277.076,662,,1.083,-22.4943735668007,-22.4943735668007,-43.2242327928543,-43.2242327928543,76-12,geometria
933.0,225.579,663,,3.99,-22.4926091207288,-22.4926091207288,-43.2223284244537,-43.2223284244537,76-12,geometria
942.0,136.916,664,,2.191,-22.4909586494026,-22.4909586494026,-43.2210516929627,-43.2210516929627,76-12,geometria
945.0,188.391,665,,0.531,-22.4899624094356,-22.4899624094356,-43.2202684879303,-43.2202684879303,76-12,geometria
946.0,132.094,666,,4.542,-22.4897096309899,-22.4897096309899,-43.2184553146362,-43.2184553146362,76-12,geometria
952.0,166.337,667,,10.22,-22.4890702481544,-22.4890702481544,-43.2173717021942,-43.2173717021942,76-12,geometria
969.0,3766.547,668,,-1.832,-22.4878410387464,-22.4878410387464,-43.2164490222931,-43.2164490222931,76-12,geometria
900.0,104.868,669,,-13.35,-22.5200719565754,-22.5200719565754,-43.2277277112007,-43.2277277112007,76-10,geometria
886.0,82.019,670,,-6.096,-22.5191304356233,-22.5191304356233,-43.2276687026024,-43.2276687026024,76-10,geometria
881.0,78.595,671,,8.906,-22.5184862333811,-22.5184862333811,-43.2272797822952,-43.2272797822952,76-10,geometria
888.0,5132.566,672,,-0.662,-22.5180303345952,-22.5180303345952,-43.22669506073,-43.22669506073,76-10,geometria
854.0,105.845,691,,-3.779,-22.5138354996453,-22.5138354996453,-43.1769347190857,-43.1769347190857,78-98,geometria
850.0,1032.801,692,,-2.517,-22.5133399407411,-22.5133399407411,-43.1778144836426,-43.1778144836426,78-98,geometria
824.0,2070.898,697,,1.4,-22.5078886755485,-22.5078886755485,-43.1696739792824,-43.1696739792824,80-38,geometria
853.0,2621.364,698,,4.044,-22.5262957442313,-22.5262957442313,-43.1727424263954,-43.1727424263954,81-40,geometria
959.0,58.698,718,,6.815,-22.522720569268,-22.522720569268,-43.1979686021805,-43.1979686021805,82-86,geometria
963.0,97.752,719,,19.437,-22.5231214030493,-22.5231214030493,-43.1983404699903,-43.1983404699903,82-86,geometria
982.0,28.91,720,,6.918,-22.5236417030247,-22.5236417030247,-43.1991075817685,-43.1991075817685,82-86,geometria
984.0,36.29,721,,-22.044,-22.5238993746681,-22.5238993746681,-43.1991451326947,-43.1991451326947,82-86,geometria
976.0,40.956,722,,-4.883,-22.5240628968079,-22.5240628968079,-43.198839360867,-43.198839360867,82-86,geometria
974.0,52.248,723,,-21.053,-22.5244295821148,-22.5244295821148,-43.1988018099408,-43.1988018099408,82-86,geometria
963.0,158.575,724,,-8.829,-22.5248458183107,-22.5248458183107,-43.1985657755475,-43.1985657755475,82-86,geometria
949.0,170.927,725,,-2.34,-22.525985506239,-22.525985506239,-43.1994938198667,-43.1994938198667,82-86,geometria
945.0,119.971,726,,-0.834,-22.5269220253688,-22.5269220253688,-43.200813466702,-43.200813466702,82-86,geometria
944.0,119.842,727,,-17.523,-22.5267739137709,-22.5267739137709,-43.2019704580307,-43.2019704580307,82-86,geometria
923.0,62.846,728,,-4.774,-22.5276559216364,-22.5276559216364,-43.2026410102844,-43.2026410102844,82-86,geometria
920.0,108.7,729,,-10.12,-22.5273933019057,-22.5273933019057,-43.2031828165054,-43.2031828165054,82-86,geometria
909.0,103.409,730,,-14.505,-22.5280820582503,-22.5280820582503,-43.2039338350296,-43.2039338350296,82-86,geometria
894.0,114.126,731,,-9.638,-22.5287757662051,-22.5287757662051,-43.2032632827759,-43.2032632827759,82-86,geometria
883.0,177.139,732,,-5.645,-22.5297519064984,-22.5297519064984,-43.2036066055298,-43.2036066055298,82-86,geometria
873.0,55.781,733,,-5.378,-22.5313424553447,-22.5313424553447,-43.2037031650543,-43.2037031650543,82-86,geometria
870.0,74.034,734,,-18.91,-22.5317636256478,-22.5317636256478,-43.2034081220627,-43.2034081220627,82-86,geometria
856.0,79.827,735,,-3.758,-22.5324077659801,-22.5324077659801,-43.2035905122757,-43.2035905122757,82-86,geometria
853.0,45.6,736,,-13.158,-22.5323284873321,-22.5323284873321,-43.204362988472,-43.204362988472,82-86,geometria
847.0,4469.032,737,,-0.403,-22.5325019093155,-22.5325019093155,-43.2047653198242,-43.2047653198242,82-86,geometria
829.0,39.404,738,,2.538,-22.5089318661087,-22.5089318661087,-43.1695237755776,-43.1695237755776,83-97,geometria
830.0,87.562,739,,-5.71,-22.5092862022043,-22.5092862022043,-43.1695291399956,-43.1695291399956,83-97,geometria
825.0,41.571,740,,9.622,-22.5099651373608,-22.5099651373608,-43.169960975647,-43.169960975647,83-97,geometria
829.0,116.177,741,,2.582,-22.5102773472991,-22.5102773472991,-43.1701835989952,-43.1701835989952,83-97,geometria
832.0,49.174,742,,-8.134,-22.5108745087885,-22.5108745087885,-43.1711116433144,-43.1711116433144,83-97,geometria
828.0,68.206,743,,-1.466,-22.5113155641661,-22.5113155641661,-43.1710767745972,-43.1710767745972,83-97,geometria
827.0,73.919,745,,-1.353,-22.5118879429234,-22.5118879429234,-43.1713154911995,-43.1713154911995,83-97,geometria
826.0,1053.383,746,,0.38,-22.512217493254,-22.512217493254,-43.1719404459,-43.1719404459,83-97,geometria
830.0,97.335,747,,16.438,-22.5104359298549,-22.5104359298549,-43.1820121407509,-43.1820121407509,85-64,geometria
846.0,95.706,748,,-4.179,-22.5110033565724,-22.5110033565724,-43.1812906265259,-43.1812906265259,85-64,geometria
842.0,232.316,749,,-4.304,-22.5114617563684,-22.5114617563684,-43.1805020570755,-43.1805020570755,85-64,geometria
832.0,77.158,785,,-7.776,-22.5122740670059,-22.5122740670059,-43.1784183922403,-43.1784183922403,87-98,geometria
826.0,1584.303,786,,2.588,-22.511580276206,-22.511580276206,-43.1784049811952,-43.1784049811952,87-2,geometria
867.0,255.266,787,,4.701,-22.5174926694203,-22.5174926694203,-43.1924378871918,-43.1924378871918,88-35,geometria
879.0,1832.452,788,,-2.892,-22.5189000097816,-22.5189000097816,-43.1944012641907,-43.1944012641907,88-35,geometria
826.0,890.156,809,,-0.562,-22.5115856479443,-22.5115856479443,-43.1784152984619,-43.1784152984619,89-2,geometria
821.0,991.901,810,,1.109,-22.5044071869085,-22.5044071869085,-43.1822508573532,-43.1822508573532,91-3,geometria
832.0,88.774,811,,-4.506,-22.5053438522574,-22.5053438522574,-43.1918531656265,-43.1918531656265,92-73,geometria
828.0,110.121,812,,-0.908,-22.5060698874355,-22.5060698874355,-43.1922125816345,-43.1922125816345,92-73,geometria
827.0,293.319,813,,-0.682,-22.506872734184,-22.506872734184,-43.191584944725,-43.191584944725,92-73,geometria
825.0,77.114,814,,11.671,-22.5076111508436,-22.5076111508436,-43.1888437271118,-43.1888437271118,92-21,geometria
834.0,112.892,815,,-0.886,-22.5075120347426,-22.5075120347426,-43.1895866990089,-43.1895866990089,92-21,geometria
833.0,2038.154,816,,0.0,-22.5079481450557,-22.5079481450557,-43.1905791163445,-43.1905791163445,92-21,geometria
833.0,211.864,817,,-4.248,-22.5093099467611,-22.5093099467611,-43.1707929401454,-43.1707929401454,93-83,geometria
824.0,44.414,818,,2.252,-22.5075169905493,-22.5075169905493,-43.1700950860977,-43.1700950860977,93-38,geometria
825.0,151.349,819,,0.661,-22.5077141885042,-22.5077141885042,-43.1704710750636,-43.1704710750636,93-38,geometria
826.0,874.404,820,,1.944,-22.5083485293956,-22.5083485293956,-43.1717746286449,-43.1717746286449,93-38,geometria
843.0,111.892,846,,8.043,-22.5154881757484,-22.5154881757484,-43.1682068109512,-43.1682068109512,95-18,geometria
852.0,63.684,847,,6.281,-22.5145813124472,-22.5145813124472,-43.1677347421646,-43.1677347421646,95-18,geometria
856.0,73.282,848,,5.458,-22.5140163782028,-22.5140163782028,-43.1678366661072,-43.1678366661072,95-18,geometria
860.0,131.546,849,,1.52,-22.5134687862271,-22.5134687862271,-43.167439699173,-43.167439699173,95-18,geometria
862.0,166.962,850,,0.599,-22.5123934182969,-22.5123934182969,-43.166905939579,-43.166905939579,95-18,geometria
863.0,146.028,851,,-6.163,-22.5108968093751,-22.5108968093751,-43.1670373678207,-43.1670373678207,95-18,geometria
854.0,124.54,852,,-16.059,-22.5095934579436,-22.5095934579436,-43.1672117114067,-43.1672117114067,95-18,geometria
834.0,81.162,853,,-3.696,-22.5085577060292,-22.5085577060292,-43.1676730513573,-43.1676730513573,95-18,geometria
831.0,1600.354,854,,1.062,-22.5084164665306,-22.5084164665306,-43.1684482097626,-43.1684482097626,95-18,geometria
848.0,184.707,855,,0.541,-22.5226611061164,-22.5226611061164,-43.1706744432449,-43.1706744432449,96-33,geometria
849.0,285.049,856,,-0.702,-22.5210555913499,-22.5210555913499,-43.1702131032944,-43.1702131032944,96-33,geometria
847.0,246.526,857,,-1.217,-22.5185184435645,-22.5185184435645,-43.1698161363602,-43.1698161363602,96-33,geometria
844.0,237.485,858,,0.421,-22.5164262697328,-22.5164262697328,-43.17061027009,-43.17061027009,96-33,geometria
845.0,222.475,859,,-0.449,-22.5151660665141,-22.5151660665141,-43.1724768877029,-43.1724768877029,96-33,geometria
844.0,1252.494,860,,-1.996,-22.5150446559155,-22.5150446559155,-43.174638748169,-43.174638748169,96-33,geometria
819.0,1551.535,865,,0.838,-22.5081092081757,-22.5081092081757,-43.1842464208603,-43.1842464208603,99-61,geometria
832.0,107.466,867,,9.305,-22.5104111513425,-22.5104111513425,-43.199143409729,-43.199143409729,102-58,geometria
842.0,293.792,868,,-5.786,-22.5096777053657,-22.5096777053657,-43.1984621286392,-43.1984621286392,102-58,geometria
825.0,78.071,869,,0.0,-22.5092465562527,-22.5092465562527,-43.1956404447556,-43.1956404447556,102-58,geometria
825.0,212.715,870,,-3.291,-22.5090185918105,-22.5090185918105,-43.1949216127396,-43.1949216127396,102-58,geometria
818.0,1520.394,871,,0.855,-22.5073237139549,-22.5073237139549,-43.1939613819122,-43.1939613819122,102-58,geometria
831.0,56.161,878,,8.903,-22.5124479302366,-22.5124479302366,-43.180239200592,-43.180239200592,103-53,geometria
836.0,141.365,879,,2.122,-22.512770045805,-22.512770045805,-43.1806603074074,-43.1806603074074,103-53,geometria
839.0,86.295,880,,-1.159,-22.5139197444823,-22.5139197444823,-43.1812477111816,-43.1812477111816,103-53,geometria
838.0,48.046,881,,0.0,-22.5145367124593,-22.5145367124593,-43.1817573308945,-43.1817573308945,103-53,geometria
838.0,89.989,882,,2.222,-22.5149356340627,-22.5149356340627,-43.1819370388985,-43.1819370388985,103-53,geometria
840.0,873.414,883,,-2.748,-22.5154708314241,-22.5154708314241,-43.1825941801071,-43.1825941801071,103-53,geometria
816.0,1321.667,884,,0.076,-22.5077647806598,-22.5077647806598,-43.180947303772,-43.180947303772,104-84,geometria
817.0,198.754,906,,5.031,-22.5074376976202,-22.5074376976202,-43.1938084959984,-43.1938084959984,105-34,geometria
827.0,521.545,907,,0.575,-22.5090359369443,-22.5090359369443,-43.1946748495102,-43.1946748495102,105-34,geometria
830.0,107.944,908,,-1.853,-22.5052100433102,-22.5052100433102,-43.1917378306389,-43.1917378306389,106-60,geometria
828.0,112.524,909,,-0.889,-22.5060797991522,-22.5060797991522,-43.1922045350075,-43.1922045350075,106-60,geometria
827.0,292.816,910,,-0.683,-22.5069074249879,-22.5069074249879,-43.191574215889,-43.191574215889,106-60,geometria
825.0,79.39,911,,11.337,-22.5075938055311,-22.5075938055311,-43.1888222694397,-43.1888222694397,106-92,geometria
834.0,115.475,912,,-1.732,-22.5075070789357,-22.5075070789357,-43.189589381218,-43.189589381218,106-92,geometria
832.0,,913,,,-22.5079555787422,-22.5079555787422,-43.1906032562256,-43.1906032562256,106-92,geometria
